country,countryCode,GDP,POP
Afghanistan,AF,550.068458763852,35530081.0
Albania,AL,4537.57905556422,2873457.0
Algeria,DZ,4055.24721109629,41318142.0
